,,,,
,,Flywheel-1,,
,,Angular Displacement1 (deg),,
Frame,Time,Ref. Coordinate System: ,,
1,0.000,-1.4038E-14,,
2,0.007,-3.3838E+00,,
3,0.013,-6.7675E+00,,
4,0.020,-1.0151E+01,,
5,0.027,-1.3535E+01,,
6,0.033,-1.6919E+01,,
7,0.040,-2.0303E+01,,
8,0.047,-2.3686E+01,,
9,0.053,-2.7070E+01,,
10,0.060,-3.0454E+01,,
11,0.067,-3.3838E+01,,
12,0.073,-3.7221E+01,,
13,0.080,-4.0605E+01,,
14,0.087,-4.3989E+01,,
15,0.093,-4.7373E+01,,
16,0.100,-5.0756E+01,,
17,0.107,-5.4140E+01,,
18,0.113,-5.7524E+01,,
19,0.120,-6.0908E+01,,
20,0.127,-6.4291E+01,,
21,0.133,-6.7675E+01,,
22,0.140,-7.1059E+01,,
23,0.147,-7.4443E+01,,
24,0.153,-7.7826E+01,,
25,0.160,-8.1210E+01,,
26,0.167,-8.4594E+01,,
27,0.173,-8.7978E+01,,
28,0.180,-9.1361E+01,,
29,0.187,-9.4745E+01,,
30,0.193,-9.8129E+01,,
31,0.200,-1.0151E+02,,
32,0.207,-1.0490E+02,,
33,0.213,-1.0828E+02,,
34,0.220,-1.1166E+02,,
35,0.227,-1.1505E+02,,
36,0.233,-1.1843E+02,,
37,0.240,-1.2182E+02,,
38,0.247,-1.2520E+02,,
39,0.253,-1.2858E+02,,
40,0.260,-1.3197E+02,,
41,0.267,-1.3535E+02,,
42,0.273,-1.3873E+02,,
43,0.280,-1.4212E+02,,
44,0.287,-1.4550E+02,,
45,0.293,-1.4889E+02,,
46,0.300,-1.5227E+02,,
47,0.307,-1.5565E+02,,
48,0.313,-1.5904E+02,,
49,0.320,-1.6242E+02,,
50,0.327,-1.6580E+02,,
51,0.333,-1.6919E+02,,
52,0.340,-1.7257E+02,,
53,0.347,-1.7596E+02,,
54,0.353,-1.7934E+02,,
55,0.360,1.7728E+02,,
56,0.367,1.7389E+02,,
57,0.373,1.7051E+02,,
58,0.380,1.6713E+02,,
59,0.387,1.6374E+02,,
60,0.393,1.6036E+02,,
61,0.400,1.5697E+02,,
62,0.407,1.5359E+02,,
63,0.413,1.5021E+02,,
64,0.420,1.4682E+02,,
65,0.427,1.4344E+02,,
66,0.433,1.4006E+02,,
67,0.440,1.3667E+02,,
68,0.447,1.3329E+02,,
69,0.453,1.2990E+02,,
70,0.460,1.2652E+02,,
71,0.467,1.2314E+02,,
72,0.473,1.1975E+02,,
73,0.480,1.1637E+02,,
74,0.487,1.1299E+02,,
75,0.493,1.0960E+02,,
76,0.500,1.0622E+02,,
77,0.507,1.0283E+02,,
78,0.513,9.9451E+01,,
79,0.520,9.6067E+01,,
80,0.527,9.2683E+01,,
81,0.533,8.9300E+01,,
82,0.540,8.5916E+01,,
83,0.547,8.2532E+01,,
84,0.553,7.9148E+01,,
85,0.560,7.5765E+01,,
86,0.567,7.2381E+01,,
87,0.573,6.8997E+01,,
88,0.580,6.5613E+01,,
89,0.587,6.2230E+01,,
90,0.593,5.8846E+01,,
91,0.600,5.5462E+01,,
92,0.607,5.2078E+01,,
93,0.613,4.8695E+01,,
94,0.620,4.5311E+01,,
95,0.627,4.1927E+01,,
96,0.633,3.8543E+01,,
97,0.640,3.5160E+01,,
98,0.647,3.1776E+01,,
99,0.653,2.8392E+01,,
100,0.660,2.5008E+01,,
101,0.667,2.1625E+01,,
102,0.673,1.8241E+01,,
103,0.680,1.4857E+01,,
104,0.687,1.1473E+01,,
105,0.693,8.0897E+00,,
106,0.700,4.7059E+00,,
107,0.707,1.3221E+00,,
108,0.713,-2.0616E+00,,
109,0.720,-5.4454E+00,,
110,0.727,-8.8291E+00,,
111,0.733,-1.2213E+01,,
112,0.740,-1.5597E+01,,
113,0.747,-1.8980E+01,,
114,0.753,-2.2364E+01,,
115,0.760,-2.5748E+01,,
116,0.767,-2.9132E+01,,
117,0.773,-3.2515E+01,,
118,0.780,-3.5899E+01,,
119,0.787,-3.9283E+01,,
120,0.793,-4.2667E+01,,
121,0.800,-4.6050E+01,,
122,0.807,-4.9434E+01,,
123,0.813,-5.2818E+01,,
124,0.820,-5.6202E+01,,
125,0.827,-5.9585E+01,,
126,0.833,-6.2969E+01,,
127,0.840,-6.6353E+01,,
128,0.847,-6.9737E+01,,
129,0.853,-7.3120E+01,,
130,0.860,-7.6504E+01,,
131,0.867,-7.9888E+01,,
132,0.873,-8.3272E+01,,
133,0.880,-8.6655E+01,,
134,0.887,-9.0039E+01,,
135,0.893,-9.3423E+01,,
136,0.900,-9.6807E+01,,
137,0.907,-1.0019E+02,,
138,0.913,-1.0357E+02,,
139,0.920,-1.0696E+02,,
140,0.927,-1.1034E+02,,
141,0.933,-1.1373E+02,,
142,0.940,-1.1711E+02,,
143,0.947,-1.2049E+02,,
144,0.953,-1.2388E+02,,
145,0.960,-1.2726E+02,,
146,0.967,-1.3064E+02,,
147,0.973,-1.3403E+02,,
148,0.980,-1.3741E+02,,
149,0.987,-1.4080E+02,,
150,0.993,-1.4418E+02,,
151,1.000,-1.4756E+02,,
152,1.007,-1.5095E+02,,
153,1.013,-1.5433E+02,,
154,1.020,-1.5771E+02,,
155,1.027,-1.6110E+02,,
156,1.033,-1.6448E+02,,
157,1.040,-1.6787E+02,,
158,1.047,-1.7125E+02,,
159,1.053,-1.7463E+02,,
160,1.060,-1.7802E+02,,
161,1.067,1.7860E+02,,
162,1.073,1.7522E+02,,
163,1.080,1.7183E+02,,
164,1.087,1.6845E+02,,
165,1.093,1.6506E+02,,
166,1.100,1.6168E+02,,
167,1.107,1.5830E+02,,
168,1.113,1.5491E+02,,
169,1.120,1.5153E+02,,
170,1.127,1.4815E+02,,
171,1.133,1.4476E+02,,
172,1.140,1.4138E+02,,
173,1.147,1.3799E+02,,
174,1.153,1.3461E+02,,
175,1.160,1.3123E+02,,
176,1.167,1.2784E+02,,
177,1.173,1.2446E+02,,
178,1.180,1.2108E+02,,
179,1.187,1.1769E+02,,
180,1.193,1.1431E+02,,
181,1.200,1.1092E+02,,
182,1.207,1.0754E+02,,
183,1.213,1.0416E+02,,
184,1.220,1.0077E+02,,
185,1.227,9.7389E+01,,
186,1.233,9.4006E+01,,
187,1.240,9.0622E+01,,
188,1.247,8.7238E+01,,
189,1.253,8.3854E+01,,
190,1.260,8.0471E+01,,
191,1.267,7.7087E+01,,
192,1.273,7.3703E+01,,
193,1.280,7.0319E+01,,
194,1.287,6.6936E+01,,
195,1.293,6.3552E+01,,
196,1.300,6.0168E+01,,
197,1.307,5.6784E+01,,
198,1.313,5.3401E+01,,
199,1.320,5.0017E+01,,
200,1.327,4.6633E+01,,
201,1.333,4.3249E+01,,
202,1.340,3.9866E+01,,
203,1.347,3.6482E+01,,
204,1.353,3.3098E+01,,
205,1.360,2.9714E+01,,
206,1.367,2.6331E+01,,
207,1.373,2.2947E+01,,
208,1.380,1.9563E+01,,
209,1.387,1.6179E+01,,
210,1.393,1.2796E+01,,
211,1.400,9.4118E+00,,
212,1.407,6.0280E+00,,
213,1.413,2.6443E+00,,
214,1.420,-7.3946E-01,,
215,1.427,-4.1232E+00,,
216,1.433,-7.5070E+00,,
217,1.440,-1.0891E+01,,
218,1.447,-1.4274E+01,,
219,1.453,-1.7658E+01,,
220,1.460,-2.1042E+01,,
221,1.467,-2.4426E+01,,
222,1.473,-2.7809E+01,,
223,1.480,-3.1193E+01,,
224,1.487,-3.4577E+01,,
225,1.493,-3.7961E+01,,
226,1.500,-4.1344E+01,,
227,1.507,-4.4728E+01,,
228,1.513,-4.8112E+01,,
229,1.520,-5.1496E+01,,
230,1.527,-5.4880E+01,,
231,1.533,-5.8263E+01,,
232,1.540,-6.1647E+01,,
233,1.547,-6.5031E+01,,
234,1.553,-6.8415E+01,,
235,1.560,-7.1798E+01,,
236,1.567,-7.5182E+01,,
237,1.573,-7.8566E+01,,
238,1.580,-8.1950E+01,,
239,1.587,-8.5333E+01,,
240,1.593,-8.8717E+01,,
241,1.600,-9.2101E+01,,
242,1.607,-9.5485E+01,,
243,1.613,-9.8868E+01,,
244,1.620,-1.0225E+02,,
245,1.627,-1.0564E+02,,
246,1.633,-1.0902E+02,,
247,1.640,-1.1240E+02,,
248,1.647,-1.1579E+02,,
249,1.653,-1.1917E+02,,
250,1.660,-1.2255E+02,,
251,1.667,-1.2594E+02,,
252,1.673,-1.2932E+02,,
253,1.680,-1.3271E+02,,
254,1.687,-1.3609E+02,,
255,1.693,-1.3947E+02,,
256,1.700,-1.4286E+02,,
257,1.707,-1.4624E+02,,
258,1.713,-1.4962E+02,,
259,1.720,-1.5301E+02,,
260,1.727,-1.5639E+02,,
261,1.733,-1.5978E+02,,
262,1.740,-1.6316E+02,,
263,1.747,-1.6654E+02,,
264,1.753,-1.6993E+02,,
265,1.760,-1.7331E+02,,
266,1.767,-1.7669E+02,,
267,1.773,1.7992E+02,,
268,1.780,1.7654E+02,,
269,1.787,1.7315E+02,,
270,1.793,1.6977E+02,,
271,1.800,1.6639E+02,,
272,1.807,1.6300E+02,,
273,1.813,1.5962E+02,,
274,1.820,1.5624E+02,,
275,1.827,1.5285E+02,,
276,1.833,1.4947E+02,,
277,1.840,1.4608E+02,,
278,1.847,1.4270E+02,,
279,1.853,1.3932E+02,,
280,1.860,1.3593E+02,,
281,1.867,1.3255E+02,,
282,1.873,1.2917E+02,,
283,1.880,1.2578E+02,,
284,1.887,1.2240E+02,,
285,1.893,1.1901E+02,,
286,1.900,1.1563E+02,,
287,1.907,1.1225E+02,,
288,1.913,1.0886E+02,,
289,1.920,1.0548E+02,,
290,1.927,1.0210E+02,,
291,1.933,9.8712E+01,,
292,1.940,9.5328E+01,,
293,1.947,9.1944E+01,,
294,1.953,8.8560E+01,,
295,1.960,8.5177E+01,,
296,1.967,8.1793E+01,,
297,1.973,7.8409E+01,,
298,1.980,7.5025E+01,,
299,1.987,7.1642E+01,,
300,1.993,6.8258E+01,,
301,2.000,6.4874E+01,,
302,2.007,6.1490E+01,,
303,2.013,5.8106E+01,,
304,2.020,5.4723E+01,,
305,2.027,5.1339E+01,,
306,2.033,4.7955E+01,,
307,2.040,4.4571E+01,,
308,2.047,4.1188E+01,,
309,2.053,3.7804E+01,,
310,2.060,3.4420E+01,,
311,2.067,3.1036E+01,,
312,2.073,2.7653E+01,,
313,2.080,2.4269E+01,,
314,2.087,2.0885E+01,,
315,2.093,1.7501E+01,,
316,2.100,1.4118E+01,,
317,2.107,1.0734E+01,,
318,2.113,7.3502E+00,,
319,2.120,3.9664E+00,,
320,2.127,5.8269E-01,,
321,2.133,-2.8011E+00,,
322,2.140,-6.1848E+00,,
323,2.147,-9.5686E+00,,
324,2.153,-1.2952E+01,,
325,2.160,-1.6336E+01,,
326,2.167,-1.9720E+01,,
327,2.173,-2.3104E+01,,
328,2.180,-2.6487E+01,,
329,2.187,-2.9871E+01,,
330,2.193,-3.3255E+01,,
331,2.200,-3.6639E+01,,
332,2.207,-4.0022E+01,,
333,2.213,-4.3406E+01,,
334,2.220,-4.6790E+01,,
335,2.227,-5.0174E+01,,
336,2.233,-5.3557E+01,,
337,2.240,-5.6941E+01,,
338,2.247,-6.0325E+01,,
339,2.253,-6.3709E+01,,
340,2.260,-6.7092E+01,,
341,2.267,-7.0476E+01,,
342,2.273,-7.3860E+01,,
343,2.280,-7.7244E+01,,
344,2.287,-8.0627E+01,,
345,2.293,-8.4011E+01,,
346,2.300,-8.7395E+01,,
347,2.307,-9.0779E+01,,
348,2.313,-9.4162E+01,,
349,2.320,-9.7546E+01,,
350,2.327,-1.0093E+02,,
351,2.333,-1.0431E+02,,
352,2.340,-1.0770E+02,,
353,2.347,-1.1108E+02,,
354,2.353,-1.1446E+02,,
355,2.360,-1.1785E+02,,
356,2.367,-1.2123E+02,,
357,2.373,-1.2462E+02,,
358,2.380,-1.2800E+02,,
359,2.387,-1.3138E+02,,
360,2.393,-1.3477E+02,,
361,2.400,-1.3815E+02,,
362,2.407,-1.4153E+02,,
363,2.413,-1.4492E+02,,
364,2.420,-1.4830E+02,,
365,2.427,-1.5169E+02,,
366,2.433,-1.5507E+02,,
367,2.440,-1.5845E+02,,
368,2.447,-1.6184E+02,,
369,2.453,-1.6522E+02,,
370,2.460,-1.6860E+02,,
371,2.467,-1.7199E+02,,
372,2.473,-1.7537E+02,,
373,2.480,-1.7876E+02,,
374,2.487,1.7786E+02,,
375,2.493,1.7448E+02,,
376,2.500,1.7109E+02,,
377,2.507,1.6771E+02,,
378,2.513,1.6432E+02,,
379,2.520,1.6094E+02,,
380,2.527,1.5756E+02,,
381,2.533,1.5417E+02,,
382,2.540,1.5079E+02,,
383,2.547,1.4741E+02,,
384,2.553,1.4402E+02,,
385,2.560,1.4064E+02,,
386,2.567,1.3725E+02,,
387,2.573,1.3387E+02,,
388,2.580,1.3049E+02,,
389,2.587,1.2710E+02,,
390,2.593,1.2372E+02,,
391,2.600,1.2034E+02,,
392,2.607,1.1695E+02,,
393,2.613,1.1357E+02,,
394,2.620,1.1018E+02,,
395,2.627,1.0680E+02,,
396,2.633,1.0342E+02,,
397,2.640,1.0003E+02,,
398,2.647,9.6650E+01,,
399,2.653,9.3266E+01,,
400,2.660,8.9882E+01,,
401,2.667,8.6499E+01,,
402,2.673,8.3115E+01,,
403,2.680,7.9731E+01,,
404,2.687,7.6347E+01,,
405,2.693,7.2964E+01,,
406,2.700,6.9580E+01,,
407,2.707,6.6196E+01,,
408,2.713,6.2812E+01,,
409,2.720,5.9429E+01,,
410,2.727,5.6045E+01,,
411,2.733,5.2661E+01,,
412,2.740,4.9277E+01,,
413,2.747,4.5894E+01,,
414,2.753,4.2510E+01,,
415,2.760,3.9126E+01,,
416,2.767,3.5742E+01,,
417,2.773,3.2359E+01,,
418,2.780,2.8975E+01,,
419,2.787,2.5591E+01,,
420,2.793,2.2207E+01,,
421,2.800,1.8824E+01,,
422,2.807,1.5440E+01,,
423,2.813,1.2056E+01,,
424,2.820,8.6723E+00,,
425,2.827,5.2886E+00,,
426,2.833,1.9048E+00,,
427,2.840,-1.4789E+00,,
428,2.847,-4.8627E+00,,
429,2.853,-8.2464E+00,,
430,2.860,-1.1630E+01,,
431,2.867,-1.5014E+01,,
432,2.873,-1.8398E+01,,
433,2.880,-2.1781E+01,,
434,2.887,-2.5165E+01,,
435,2.893,-2.8549E+01,,
436,2.900,-3.1933E+01,,
437,2.907,-3.5316E+01,,
438,2.913,-3.8700E+01,,
439,2.920,-4.2084E+01,,
440,2.927,-4.5468E+01,,
441,2.933,-4.8851E+01,,
442,2.940,-5.2235E+01,,
443,2.947,-5.5619E+01,,
444,2.953,-5.9003E+01,,
445,2.960,-6.2386E+01,,
446,2.967,-6.5770E+01,,
447,2.973,-6.9154E+01,,
448,2.980,-7.2538E+01,,
449,2.987,-7.5921E+01,,
450,2.993,-7.9305E+01,,
451,3.000,-8.2689E+01,,
452,3.007,-8.6073E+01,,
453,3.013,-8.9457E+01,,
454,3.020,-9.2840E+01,,
455,3.027,-9.6224E+01,,
456,3.033,-9.9608E+01,,
457,3.040,-1.0299E+02,,
458,3.047,-1.0638E+02,,
459,3.053,-1.0976E+02,,
460,3.060,-1.1314E+02,,
461,3.067,-1.1653E+02,,
462,3.073,-1.1991E+02,,
463,3.080,-1.2329E+02,,
464,3.087,-1.2668E+02,,
465,3.093,-1.3006E+02,,
466,3.100,-1.3345E+02,,
467,3.107,-1.3683E+02,,
468,3.113,-1.4021E+02,,
469,3.120,-1.4360E+02,,
470,3.127,-1.4698E+02,,
471,3.133,-1.5036E+02,,
472,3.140,-1.5375E+02,,
473,3.147,-1.5713E+02,,
474,3.153,-1.6052E+02,,
475,3.160,-1.6390E+02,,
476,3.167,-1.6728E+02,,
477,3.173,-1.7067E+02,,
478,3.180,-1.7405E+02,,
479,3.187,-1.7743E+02,,
480,3.193,1.7918E+02,,
481,3.200,1.7580E+02,,
482,3.207,1.7241E+02,,
483,3.213,1.6903E+02,,
484,3.220,1.6565E+02,,
485,3.227,1.6226E+02,,
486,3.233,1.5888E+02,,
487,3.240,1.5550E+02,,
488,3.247,1.5211E+02,,
489,3.253,1.4873E+02,,
490,3.260,1.4534E+02,,
491,3.267,1.4196E+02,,
492,3.273,1.3858E+02,,
493,3.280,1.3519E+02,,
494,3.287,1.3181E+02,,
495,3.293,1.2843E+02,,
496,3.300,1.2504E+02,,
497,3.307,1.2166E+02,,
498,3.313,1.1827E+02,,
499,3.320,1.1489E+02,,
500,3.327,1.1151E+02,,
501,3.333,1.0812E+02,,
502,3.340,1.0474E+02,,
503,3.347,1.0136E+02,,
504,3.353,9.7972E+01,,
505,3.360,9.4588E+01,,
506,3.367,9.1205E+01,,
507,3.373,8.7821E+01,,
508,3.380,8.4437E+01,,
509,3.387,8.1053E+01,,
510,3.393,7.7670E+01,,
511,3.400,7.4286E+01,,
512,3.407,7.0902E+01,,
513,3.413,6.7518E+01,,
514,3.420,6.4135E+01,,
515,3.427,6.0751E+01,,
516,3.433,5.7367E+01,,
517,3.440,5.3983E+01,,
518,3.447,5.0600E+01,,
519,3.453,4.7216E+01,,
520,3.460,4.3832E+01,,
521,3.467,4.0448E+01,,
522,3.473,3.7065E+01,,
523,3.480,3.3681E+01,,
524,3.487,3.0297E+01,,
525,3.493,2.6913E+01,,
526,3.500,2.3529E+01,,
527,3.507,2.0146E+01,,
528,3.513,1.6762E+01,,
529,3.520,1.3378E+01,,
530,3.527,9.9945E+00,,
531,3.533,6.6107E+00,,
532,3.540,3.2270E+00,,
533,3.547,-1.5677E-01,,
534,3.553,-3.5405E+00,,
535,3.560,-6.9243E+00,,
536,3.567,-1.0308E+01,,
537,3.573,-1.3692E+01,,
538,3.580,-1.7076E+01,,
539,3.587,-2.0459E+01,,
540,3.593,-2.3843E+01,,
541,3.600,-2.7227E+01,,
542,3.607,-3.0611E+01,,
543,3.613,-3.3994E+01,,
544,3.620,-3.7378E+01,,
545,3.627,-4.0762E+01,,
546,3.633,-4.4146E+01,,
547,3.640,-4.7529E+01,,
548,3.647,-5.0913E+01,,
549,3.653,-5.4297E+01,,
550,3.660,-5.7681E+01,,
551,3.667,-6.1064E+01,,
552,3.673,-6.4448E+01,,
553,3.680,-6.7832E+01,,
554,3.687,-7.1216E+01,,
555,3.693,-7.4599E+01,,
556,3.700,-7.7983E+01,,
557,3.707,-8.1367E+01,,
558,3.713,-8.4751E+01,,
559,3.720,-8.8134E+01,,
560,3.727,-9.1518E+01,,
561,3.733,-9.4902E+01,,
562,3.740,-9.8286E+01,,
563,3.747,-1.0167E+02,,
564,3.753,-1.0505E+02,,
565,3.760,-1.0844E+02,,
566,3.767,-1.1182E+02,,
567,3.773,-1.1520E+02,,
568,3.780,-1.1859E+02,,
569,3.787,-1.2197E+02,,
570,3.793,-1.2536E+02,,
571,3.800,-1.2874E+02,,
572,3.807,-1.3212E+02,,
573,3.813,-1.3551E+02,,
574,3.820,-1.3889E+02,,
575,3.827,-1.4227E+02,,
576,3.833,-1.4566E+02,,
577,3.840,-1.4904E+02,,
578,3.847,-1.5243E+02,,
579,3.853,-1.5581E+02,,
580,3.860,-1.5919E+02,,
581,3.867,-1.6258E+02,,
582,3.873,-1.6596E+02,,
583,3.880,-1.6934E+02,,
584,3.887,-1.7273E+02,,
585,3.893,-1.7611E+02,,
586,3.900,-1.7950E+02,,
587,3.907,1.7712E+02,,
588,3.913,1.7374E+02,,
589,3.920,1.7035E+02,,
590,3.927,1.6697E+02,,
591,3.933,1.6359E+02,,
592,3.940,1.6020E+02,,
593,3.947,1.5682E+02,,
594,3.953,1.5343E+02,,
595,3.960,1.5005E+02,,
596,3.967,1.4667E+02,,
597,3.973,1.4328E+02,,
598,3.980,1.3990E+02,,
599,3.987,1.3652E+02,,
600,3.993,1.3313E+02,,
601,4.000,1.2975E+02,,
602,4.007,1.2636E+02,,
603,4.013,1.2298E+02,,
604,4.020,1.1960E+02,,
605,4.027,1.1621E+02,,
606,4.033,1.1283E+02,,
607,4.040,1.0945E+02,,
608,4.047,1.0606E+02,,
609,4.053,1.0268E+02,,
610,4.060,9.9294E+01,,
611,4.067,9.5910E+01,,
612,4.073,9.2527E+01,,
613,4.080,8.9143E+01,,
614,4.087,8.5759E+01,,
615,4.093,8.2375E+01,,
616,4.100,7.8992E+01,,
617,4.107,7.5608E+01,,
618,4.113,7.2224E+01,,
619,4.120,6.8840E+01,,
620,4.127,6.5457E+01,,
621,4.133,6.2073E+01,,
622,4.140,5.8689E+01,,
623,4.147,5.5305E+01,,
624,4.153,5.1922E+01,,
625,4.160,4.8538E+01,,
626,4.167,4.5154E+01,,
627,4.173,4.1770E+01,,
628,4.180,3.8387E+01,,
629,4.187,3.5003E+01,,
630,4.193,3.1619E+01,,
631,4.200,2.8235E+01,,
632,4.207,2.4852E+01,,
633,4.213,2.1468E+01,,
634,4.220,1.8084E+01,,
635,4.227,1.4700E+01,,
636,4.233,1.1317E+01,,
637,4.240,7.9329E+00,,
638,4.247,4.5491E+00,,
639,4.253,1.1654E+00,,
640,4.260,-2.2184E+00,,
641,4.267,-5.6021E+00,,
642,4.273,-8.9859E+00,,
643,4.280,-1.2370E+01,,
644,4.287,-1.5753E+01,,
645,4.293,-1.9137E+01,,
646,4.300,-2.2521E+01,,
647,4.307,-2.5905E+01,,
648,4.313,-2.9288E+01,,
649,4.320,-3.2672E+01,,
650,4.327,-3.6056E+01,,
651,4.333,-3.9440E+01,,
652,4.340,-4.2823E+01,,
653,4.347,-4.6207E+01,,
654,4.353,-4.9591E+01,,
655,4.360,-5.2975E+01,,
656,4.367,-5.6358E+01,,
657,4.373,-5.9742E+01,,
658,4.380,-6.3126E+01,,
659,4.387,-6.6510E+01,,
660,4.393,-6.9893E+01,,
661,4.400,-7.3277E+01,,
662,4.407,-7.6661E+01,,
663,4.413,-8.0045E+01,,
664,4.420,-8.3428E+01,,
665,4.427,-8.6812E+01,,
666,4.433,-9.0196E+01,,
667,4.440,-9.3580E+01,,
668,4.447,-9.6963E+01,,
669,4.453,-1.0035E+02,,
670,4.460,-1.0373E+02,,
671,4.467,-1.0711E+02,,
672,4.473,-1.1050E+02,,
673,4.480,-1.1388E+02,,
674,4.487,-1.1727E+02,,
675,4.493,-1.2065E+02,,
676,4.500,-1.2403E+02,,
677,4.507,-1.2742E+02,,
678,4.513,-1.3080E+02,,
679,4.520,-1.3418E+02,,
680,4.527,-1.3757E+02,,
681,4.533,-1.4095E+02,,
682,4.540,-1.4434E+02,,
683,4.547,-1.4772E+02,,
684,4.553,-1.5110E+02,,
685,4.560,-1.5449E+02,,
686,4.567,-1.5787E+02,,
687,4.573,-1.6125E+02,,
688,4.580,-1.6464E+02,,
689,4.587,-1.6802E+02,,
690,4.593,-1.7141E+02,,
691,4.600,-1.7479E+02,,
692,4.607,-1.7817E+02,,
693,4.613,1.7844E+02,,
694,4.620,1.7506E+02,,
695,4.627,1.7168E+02,,
696,4.633,1.6829E+02,,
697,4.640,1.6491E+02,,
698,4.647,1.6152E+02,,
699,4.653,1.5814E+02,,
700,4.660,1.5476E+02,,
701,4.667,1.5137E+02,,
702,4.673,1.4799E+02,,
703,4.680,1.4461E+02,,
704,4.687,1.4122E+02,,
705,4.693,1.3784E+02,,
706,4.700,1.3445E+02,,
707,4.707,1.3107E+02,,
708,4.713,1.2769E+02,,
709,4.720,1.2430E+02,,
710,4.727,1.2092E+02,,
711,4.733,1.1754E+02,,
712,4.740,1.1415E+02,,
713,4.747,1.1077E+02,,
714,4.753,1.0738E+02,,
715,4.760,1.0400E+02,,
716,4.767,1.0062E+02,,
717,4.773,9.7233E+01,,
718,4.780,9.3849E+01,,
719,4.787,9.0465E+01,,
720,4.793,8.7081E+01,,
721,4.800,8.3698E+01,,
722,4.807,8.0314E+01,,
723,4.813,7.6930E+01,,
724,4.820,7.3546E+01,,
725,4.827,7.0163E+01,,
726,4.833,6.6779E+01,,
727,4.840,6.3395E+01,,
728,4.847,6.0011E+01,,
729,4.853,5.6628E+01,,
730,4.860,5.3244E+01,,
731,4.867,4.9860E+01,,
732,4.873,4.6476E+01,,
733,4.880,4.3093E+01,,
734,4.887,3.9709E+01,,
735,4.893,3.6325E+01,,
736,4.900,3.2941E+01,,
737,4.907,2.9558E+01,,
738,4.913,2.6174E+01,,
739,4.920,2.2790E+01,,
740,4.927,1.9406E+01,,
741,4.933,1.6023E+01,,
742,4.940,1.2639E+01,,
743,4.947,9.2550E+00,,
744,4.953,5.8713E+00,,
745,4.960,2.4875E+00,,
746,4.967,-8.9623E-01,,
747,4.973,-4.2800E+00,,
748,4.980,-7.6637E+00,,
749,4.987,-1.1047E+01,,
750,4.993,-1.4431E+01,,
751,5.000,-1.7815E+01,,
752,5.007,-2.1199E+01,,
753,5.013,-2.4583E+01,,
754,5.020,-2.7966E+01,,
755,5.027,-3.1350E+01,,
756,5.033,-3.4734E+01,,
757,5.040,-3.8118E+01,,
758,5.047,-4.1501E+01,,
759,5.053,-4.4885E+01,,
760,5.060,-4.8269E+01,,
761,5.067,-5.1653E+01,,
762,5.073,-5.5036E+01,,
763,5.080,-5.8420E+01,,
764,5.087,-6.1804E+01,,
765,5.093,-6.5188E+01,,
766,5.100,-6.8571E+01,,
767,5.107,-7.1955E+01,,
768,5.113,-7.5339E+01,,
769,5.120,-7.8723E+01,,
770,5.127,-8.2106E+01,,
771,5.133,-8.5490E+01,,
772,5.140,-8.8874E+01,,
773,5.147,-9.2258E+01,,
774,5.153,-9.5641E+01,,
775,5.160,-9.9025E+01,,
776,5.167,-1.0241E+02,,
777,5.173,-1.0579E+02,,
778,5.180,-1.0918E+02,,
779,5.187,-1.1256E+02,,
780,5.193,-1.1594E+02,,
781,5.200,-1.1933E+02,,
782,5.207,-1.2271E+02,,
783,5.213,-1.2610E+02,,
784,5.220,-1.2948E+02,,
785,5.227,-1.3286E+02,,
786,5.233,-1.3625E+02,,
787,5.240,-1.3963E+02,,
788,5.247,-1.4301E+02,,
789,5.253,-1.4640E+02,,
790,5.260,-1.4978E+02,,
791,5.267,-1.5317E+02,,
792,5.273,-1.5655E+02,,
793,5.280,-1.5993E+02,,
794,5.287,-1.6332E+02,,
795,5.293,-1.6670E+02,,
796,5.300,-1.7008E+02,,
797,5.307,-1.7347E+02,,
798,5.313,-1.7685E+02,,
799,5.320,1.7976E+02,,
800,5.327,1.7638E+02,,
801,5.333,1.7300E+02,,
802,5.340,1.6961E+02,,
803,5.347,1.6623E+02,,
804,5.353,1.6285E+02,,
805,5.360,1.5946E+02,,
806,5.367,1.5608E+02,,
807,5.373,1.5269E+02,,
808,5.380,1.4931E+02,,
809,5.387,1.4593E+02,,
810,5.393,1.4254E+02,,
811,5.400,1.3916E+02,,
812,5.407,1.3578E+02,,
813,5.413,1.3239E+02,,
814,5.420,1.2901E+02,,
815,5.427,1.2562E+02,,
816,5.433,1.2224E+02,,
817,5.440,1.1886E+02,,
818,5.447,1.1547E+02,,
819,5.453,1.1209E+02,,
820,5.460,1.0871E+02,,
821,5.467,1.0532E+02,,
822,5.473,1.0194E+02,,
823,5.480,9.8555E+01,,
824,5.487,9.5171E+01,,
825,5.493,9.1787E+01,,
826,5.500,8.8403E+01,,
827,5.507,8.5020E+01,,
828,5.513,8.1636E+01,,
829,5.520,7.8252E+01,,
830,5.527,7.4868E+01,,
831,5.533,7.1485E+01,,
832,5.540,6.8101E+01,,
833,5.547,6.4717E+01,,
834,5.553,6.1333E+01,,
835,5.560,5.7950E+01,,
836,5.567,5.4566E+01,,
837,5.573,5.1182E+01,,
838,5.580,4.7798E+01,,
839,5.587,4.4415E+01,,
840,5.593,4.1031E+01,,
841,5.600,3.7647E+01,,
842,5.607,3.4263E+01,,
843,5.613,3.0880E+01,,
844,5.620,2.7496E+01,,
845,5.627,2.4112E+01,,
846,5.633,2.0728E+01,,
847,5.640,1.7345E+01,,
848,5.647,1.3961E+01,,
849,5.653,1.0577E+01,,
850,5.660,7.1934E+00,,
851,5.667,3.8097E+00,,
852,5.673,4.2591E-01,,
853,5.680,-2.9578E+00,,
854,5.687,-6.3416E+00,,
855,5.693,-9.7253E+00,,
856,5.700,-1.3109E+01,,
857,5.707,-1.6493E+01,,
858,5.713,-1.9877E+01,,
859,5.720,-2.3260E+01,,
860,5.727,-2.6644E+01,,
861,5.733,-3.0028E+01,,
862,5.740,-3.3412E+01,,
863,5.747,-3.6795E+01,,
864,5.753,-4.0179E+01,,
865,5.760,-4.3563E+01,,
866,5.767,-4.6947E+01,,
867,5.773,-5.0330E+01,,
868,5.780,-5.3714E+01,,
869,5.787,-5.7098E+01,,
870,5.793,-6.0482E+01,,
871,5.800,-6.3865E+01,,
872,5.807,-6.7249E+01,,
873,5.813,-7.0633E+01,,
874,5.820,-7.4017E+01,,
875,5.827,-7.7400E+01,,
876,5.833,-8.0784E+01,,
877,5.840,-8.4168E+01,,
878,5.847,-8.7552E+01,,
879,5.853,-9.0935E+01,,
880,5.860,-9.4319E+01,,
881,5.867,-9.7703E+01,,
882,5.873,-1.0109E+02,,
883,5.880,-1.0447E+02,,
884,5.887,-1.0785E+02,,
885,5.893,-1.1124E+02,,
886,5.900,-1.1462E+02,,
887,5.907,-1.1801E+02,,
888,5.913,-1.2139E+02,,
889,5.920,-1.2477E+02,,
890,5.927,-1.2816E+02,,
891,5.933,-1.3154E+02,,
892,5.940,-1.3492E+02,,
893,5.947,-1.3831E+02,,
894,5.953,-1.4169E+02,,
895,5.960,-1.4508E+02,,
896,5.967,-1.4846E+02,,
897,5.973,-1.5184E+02,,
898,5.980,-1.5523E+02,,
899,5.987,-1.5861E+02,,
900,5.993,-1.6199E+02,,
901,6.000,-1.6538E+02,,
902,6.007,-1.6876E+02,,
903,6.013,-1.7215E+02,,
904,6.020,-1.7553E+02,,
905,6.027,-1.7891E+02,,
906,6.033,1.7770E+02,,
907,6.040,1.7432E+02,,
908,6.047,1.7094E+02,,
909,6.053,1.6755E+02,,
910,6.060,1.6417E+02,,
911,6.067,1.6078E+02,,
912,6.073,1.5740E+02,,
913,6.080,1.5402E+02,,
914,6.087,1.5063E+02,,
915,6.093,1.4725E+02,,
916,6.100,1.4387E+02,,
917,6.107,1.4048E+02,,
918,6.113,1.3710E+02,,
919,6.120,1.3371E+02,,
920,6.127,1.3033E+02,,
921,6.133,1.2695E+02,,
922,6.140,1.2356E+02,,
923,6.147,1.2018E+02,,
924,6.153,1.1680E+02,,
925,6.160,1.1341E+02,,
926,6.167,1.1003E+02,,
927,6.173,1.0664E+02,,
928,6.180,1.0326E+02,,
929,6.187,9.9877E+01,,
930,6.193,9.6493E+01,,
931,6.200,9.3109E+01,,
932,6.207,8.9726E+01,,
933,6.213,8.6342E+01,,
934,6.220,8.2958E+01,,
935,6.227,7.9574E+01,,
936,6.233,7.6191E+01,,
937,6.240,7.2807E+01,,
938,6.247,6.9423E+01,,
939,6.253,6.6039E+01,,
940,6.260,6.2656E+01,,
941,6.267,5.9272E+01,,
942,6.273,5.5888E+01,,
943,6.280,5.2504E+01,,
944,6.287,4.9121E+01,,
945,6.293,4.5737E+01,,
946,6.300,4.2353E+01,,
947,6.307,3.8969E+01,,
948,6.313,3.5586E+01,,
949,6.320,3.2202E+01,,
950,6.327,2.8818E+01,,
951,6.333,2.5434E+01,,
952,6.340,2.2051E+01,,
953,6.347,1.8667E+01,,
954,6.353,1.5283E+01,,
955,6.360,1.1899E+01,,
956,6.367,8.5156E+00,,
957,6.373,5.1318E+00,,
958,6.380,1.7481E+00,,
959,6.387,-1.6357E+00,,
960,6.393,-5.0194E+00,,
961,6.400,-8.4032E+00,,
962,6.407,-1.1787E+01,,
963,6.413,-1.5171E+01,,
964,6.420,-1.8554E+01,,
965,6.427,-2.1938E+01,,
966,6.433,-2.5322E+01,,
967,6.440,-2.8706E+01,,
968,6.447,-3.2089E+01,,
969,6.453,-3.5473E+01,,
970,6.460,-3.8857E+01,,
971,6.467,-4.2241E+01,,
972,6.473,-4.5624E+01,,
973,6.480,-4.9008E+01,,
974,6.487,-5.2392E+01,,
975,6.493,-5.5776E+01,,
976,6.500,-5.9160E+01,,
977,6.507,-6.2543E+01,,
978,6.513,-6.5927E+01,,
979,6.520,-6.9311E+01,,
980,6.527,-7.2695E+01,,
981,6.533,-7.6078E+01,,
982,6.540,-7.9462E+01,,
983,6.547,-8.2846E+01,,
984,6.553,-8.6230E+01,,
985,6.560,-8.9613E+01,,
986,6.567,-9.2997E+01,,
987,6.573,-9.6381E+01,,
988,6.580,-9.9765E+01,,
989,6.587,-1.0315E+02,,
990,6.593,-1.0653E+02,,
991,6.600,-1.0992E+02,,
992,6.607,-1.1330E+02,,
993,6.613,-1.1668E+02,,
994,6.620,-1.2007E+02,,
995,6.627,-1.2345E+02,,
996,6.633,-1.2683E+02,,
997,6.640,-1.3022E+02,,
998,6.647,-1.3360E+02,,
999,6.653,-1.3699E+02,,
1000,6.660,-1.4037E+02,,
1001,6.667,-1.4375E+02,,
1002,6.673,-1.4714E+02,,
1003,6.680,-1.5052E+02,,
1004,6.687,-1.5390E+02,,
1005,6.693,-1.5729E+02,,
1006,6.700,-1.6067E+02,,
1007,6.707,-1.6406E+02,,
1008,6.713,-1.6744E+02,,
1009,6.720,-1.7082E+02,,
1010,6.727,-1.7421E+02,,
1011,6.733,-1.7759E+02,,
1012,6.740,1.7903E+02,,
1013,6.747,1.7564E+02,,
1014,6.753,1.7226E+02,,
1015,6.760,1.6887E+02,,
1016,6.767,1.6549E+02,,
1017,6.773,1.6211E+02,,
1018,6.780,1.5872E+02,,
1019,6.787,1.5534E+02,,
1020,6.793,1.5196E+02,,
1021,6.800,1.4857E+02,,
1022,6.807,1.4519E+02,,
1023,6.813,1.4180E+02,,
1024,6.820,1.3842E+02,,
1025,6.827,1.3504E+02,,
1026,6.833,1.3165E+02,,
1027,6.840,1.2827E+02,,
1028,6.847,1.2489E+02,,
1029,6.853,1.2150E+02,,
1030,6.860,1.1812E+02,,
1031,6.867,1.1473E+02,,
1032,6.873,1.1135E+02,,
1033,6.880,1.0797E+02,,
1034,6.887,1.0458E+02,,
1035,6.893,1.0120E+02,,
1036,6.900,9.7815E+01,,
1037,6.907,9.4432E+01,,
1038,6.913,9.1048E+01,,
1039,6.920,8.7664E+01,,
1040,6.927,8.4280E+01,,
1041,6.933,8.0897E+01,,
1042,6.940,7.7513E+01,,
1043,6.947,7.4129E+01,,
1044,6.953,7.0745E+01,,
1045,6.960,6.7362E+01,,
1046,6.967,6.3978E+01,,
1047,6.973,6.0594E+01,,
1048,6.980,5.7210E+01,,
1049,6.987,5.3827E+01,,
1050,6.993,5.0443E+01,,
1051,7.000,4.7059E+01,,
1052,7.007,4.3675E+01,,
1053,7.013,4.0291E+01,,
1054,7.020,3.6908E+01,,
1055,7.027,3.3524E+01,,
1056,7.033,3.0140E+01,,
1057,7.040,2.6756E+01,,
1058,7.047,2.3373E+01,,
1059,7.053,1.9989E+01,,
1060,7.060,1.6605E+01,,
1061,7.067,1.3221E+01,,
1062,7.073,9.8377E+00,,
1063,7.080,6.4540E+00,,
1064,7.087,3.0702E+00,,
1065,7.093,-3.1355E-01,,
1066,7.100,-3.6973E+00,,
1067,7.107,-7.0811E+00,,
1068,7.113,-1.0465E+01,,
1069,7.120,-1.3849E+01,,
1070,7.127,-1.7232E+01,,
1071,7.133,-2.0616E+01,,
1072,7.140,-2.4000E+01,,
1073,7.147,-2.7384E+01,,
1074,7.153,-3.0767E+01,,
1075,7.160,-3.4151E+01,,
1076,7.167,-3.7535E+01,,
1077,7.173,-4.0919E+01,,
1078,7.180,-4.4302E+01,,
1079,7.187,-4.7686E+01,,
1080,7.193,-5.1070E+01,,
1081,7.200,-5.4454E+01,,
1082,7.207,-5.7837E+01,,
1083,7.213,-6.1221E+01,,
1084,7.220,-6.4605E+01,,
1085,7.227,-6.7989E+01,,
1086,7.233,-7.1372E+01,,
1087,7.240,-7.4756E+01,,
1088,7.247,-7.8140E+01,,
1089,7.253,-8.1524E+01,,
1090,7.260,-8.4907E+01,,
1091,7.267,-8.8291E+01,,
1092,7.273,-9.1675E+01,,
1093,7.280,-9.5059E+01,,
1094,7.287,-9.8442E+01,,
1095,7.293,-1.0183E+02,,
1096,7.300,-1.0521E+02,,
1097,7.307,-1.0859E+02,,
1098,7.313,-1.1198E+02,,
1099,7.320,-1.1536E+02,,
1100,7.327,-1.1874E+02,,
1101,7.333,-1.2213E+02,,
1102,7.340,-1.2551E+02,,
1103,7.347,-1.2890E+02,,
1104,7.353,-1.3228E+02,,
1105,7.360,-1.3566E+02,,
1106,7.367,-1.3905E+02,,
1107,7.373,-1.4243E+02,,
1108,7.380,-1.4581E+02,,
1109,7.387,-1.4920E+02,,
1110,7.393,-1.5258E+02,,
1111,7.400,-1.5597E+02,,
1112,7.407,-1.5935E+02,,
1113,7.413,-1.6273E+02,,
1114,7.420,-1.6612E+02,,
1115,7.427,-1.6950E+02,,
1116,7.433,-1.7288E+02,,
1117,7.440,-1.7627E+02,,
1118,7.447,-1.7965E+02,,
1119,7.453,1.7696E+02,,
1120,7.460,1.7358E+02,,
1121,7.467,1.7020E+02,,
1122,7.473,1.6681E+02,,
1123,7.480,1.6343E+02,,
1124,7.487,1.6005E+02,,
1125,7.493,1.5666E+02,,
1126,7.500,1.5328E+02,,
1127,7.507,1.4989E+02,,
1128,7.513,1.4651E+02,,
1129,7.520,1.4313E+02,,
1130,7.527,1.3974E+02,,
1131,7.533,1.3636E+02,,
1132,7.540,1.3297E+02,,
1133,7.547,1.2959E+02,,
1134,7.553,1.2621E+02,,
1135,7.560,1.2282E+02,,
1136,7.567,1.1944E+02,,
1137,7.573,1.1606E+02,,
1138,7.580,1.1267E+02,,
1139,7.587,1.0929E+02,,
1140,7.593,1.0590E+02,,
1141,7.600,1.0252E+02,,
1142,7.607,9.9137E+01,,
1143,7.613,9.5754E+01,,
1144,7.620,9.2370E+01,,
1145,7.627,8.8986E+01,,
1146,7.633,8.5602E+01,,
1147,7.640,8.2219E+01,,
1148,7.647,7.8835E+01,,
1149,7.653,7.5451E+01,,
1150,7.660,7.2067E+01,,
1151,7.667,6.8684E+01,,
1152,7.673,6.5300E+01,,
1153,7.680,6.1916E+01,,
1154,7.687,5.8532E+01,,
1155,7.693,5.5149E+01,,
1156,7.700,5.1765E+01,,
1157,7.707,4.8381E+01,,
1158,7.713,4.4997E+01,,
1159,7.720,4.1614E+01,,
1160,7.727,3.8230E+01,,
1161,7.733,3.4846E+01,,
1162,7.740,3.1462E+01,,
1163,7.747,2.8079E+01,,
1164,7.753,2.4695E+01,,
1165,7.760,2.1311E+01,,
1166,7.767,1.7927E+01,,
1167,7.773,1.4544E+01,,
1168,7.780,1.1160E+01,,
1169,7.787,7.7761E+00,,
1170,7.793,4.3924E+00,,
1171,7.800,1.0086E+00,,
1172,7.807,-2.3752E+00,,
1173,7.813,-5.7589E+00,,
1174,7.820,-9.1427E+00,,
1175,7.827,-1.2526E+01,,
1176,7.833,-1.5910E+01,,
1177,7.840,-1.9294E+01,,
1178,7.847,-2.2678E+01,,
1179,7.853,-2.6061E+01,,
1180,7.860,-2.9445E+01,,
1181,7.867,-3.2829E+01,,
1182,7.873,-3.6213E+01,,
1183,7.880,-3.9596E+01,,
1184,7.887,-4.2980E+01,,
1185,7.893,-4.6364E+01,,
1186,7.900,-4.9748E+01,,
1187,7.907,-5.3131E+01,,
1188,7.913,-5.6515E+01,,
1189,7.920,-5.9899E+01,,
1190,7.927,-6.3283E+01,,
1191,7.933,-6.6666E+01,,
1192,7.940,-7.0050E+01,,
1193,7.947,-7.3434E+01,,
1194,7.953,-7.6818E+01,,
1195,7.960,-8.0201E+01,,
1196,7.967,-8.3585E+01,,
1197,7.973,-8.6969E+01,,
1198,7.980,-9.0353E+01,,
1199,7.987,-9.3736E+01,,
1200,7.993,-9.7120E+01,,
1201,8.000,-1.0050E+02,,
1202,8.007,-1.0389E+02,,
1203,8.013,-1.0727E+02,,
1204,8.020,-1.1066E+02,,
1205,8.027,-1.1404E+02,,
1206,8.033,-1.1742E+02,,
1207,8.040,-1.2081E+02,,
1208,8.047,-1.2419E+02,,
1209,8.053,-1.2757E+02,,
1210,8.060,-1.3096E+02,,
1211,8.067,-1.3434E+02,,
1212,8.073,-1.3773E+02,,
1213,8.080,-1.4111E+02,,
1214,8.087,-1.4449E+02,,
1215,8.093,-1.4788E+02,,
1216,8.100,-1.5126E+02,,
1217,8.107,-1.5464E+02,,
1218,8.113,-1.5803E+02,,
1219,8.120,-1.6141E+02,,
1220,8.127,-1.6480E+02,,
1221,8.133,-1.6818E+02,,
1222,8.140,-1.7156E+02,,
1223,8.147,-1.7495E+02,,
1224,8.153,-1.7833E+02,,
1225,8.160,1.7829E+02,,
1226,8.167,1.7490E+02,,
1227,8.173,1.7152E+02,,
1228,8.180,1.6813E+02,,
1229,8.187,1.6475E+02,,
1230,8.193,1.6137E+02,,
1231,8.200,1.5798E+02,,
1232,8.207,1.5460E+02,,
1233,8.213,1.5122E+02,,
1234,8.220,1.4783E+02,,
1235,8.227,1.4445E+02,,
1236,8.233,1.4106E+02,,
1237,8.240,1.3768E+02,,
1238,8.247,1.3430E+02,,
1239,8.253,1.3091E+02,,
1240,8.260,1.2753E+02,,
1241,8.267,1.2415E+02,,
1242,8.273,1.2076E+02,,
1243,8.280,1.1738E+02,,
1244,8.287,1.1399E+02,,
1245,8.293,1.1061E+02,,
1246,8.300,1.0723E+02,,
1247,8.307,1.0384E+02,,
1248,8.313,1.0046E+02,,
1249,8.320,9.7076E+01,,
1250,8.327,9.3692E+01,,
1251,8.333,9.0308E+01,,
1252,8.340,8.6925E+01,,
1253,8.347,8.3541E+01,,
1254,8.353,8.0157E+01,,
1255,8.360,7.6773E+01,,
1256,8.367,7.3390E+01,,
1257,8.373,7.0006E+01,,
1258,8.380,6.6622E+01,,
1259,8.387,6.3238E+01,,
1260,8.393,5.9855E+01,,
1261,8.400,5.6471E+01,,
1262,8.407,5.3087E+01,,
1263,8.413,4.9703E+01,,
1264,8.420,4.6320E+01,,
1265,8.427,4.2936E+01,,
1266,8.433,3.9552E+01,,
1267,8.440,3.6168E+01,,
1268,8.447,3.2785E+01,,
1269,8.453,2.9401E+01,,
1270,8.460,2.6017E+01,,
1271,8.467,2.2633E+01,,
1272,8.473,1.9250E+01,,
1273,8.480,1.5866E+01,,
1274,8.487,1.2482E+01,,
1275,8.493,9.0983E+00,,
1276,8.500,5.7145E+00,,
1277,8.507,2.3307E+00,,
1278,8.513,-1.0530E+00,,
1279,8.520,-4.4368E+00,,
1280,8.527,-7.8205E+00,,
1281,8.533,-1.1204E+01,,
1282,8.540,-1.4588E+01,,
1283,8.547,-1.7972E+01,,
1284,8.553,-2.1356E+01,,
1285,8.560,-2.4739E+01,,
1286,8.567,-2.8123E+01,,
1287,8.573,-3.1507E+01,,
1288,8.580,-3.4891E+01,,
1289,8.587,-3.8274E+01,,
1290,8.593,-4.1658E+01,,
1291,8.600,-4.5042E+01,,
1292,8.607,-4.8426E+01,,
1293,8.613,-5.1809E+01,,
1294,8.620,-5.5193E+01,,
1295,8.627,-5.8577E+01,,
1296,8.633,-6.1961E+01,,
1297,8.640,-6.5344E+01,,
1298,8.647,-6.8728E+01,,
1299,8.653,-7.2112E+01,,
1300,8.660,-7.5496E+01,,
1301,8.667,-7.8879E+01,,
1302,8.673,-8.2263E+01,,
1303,8.680,-8.5647E+01,,
1304,8.687,-8.9031E+01,,
1305,8.693,-9.2414E+01,,
1306,8.700,-9.5798E+01,,
1307,8.707,-9.9182E+01,,
1308,8.713,-1.0257E+02,,
1309,8.720,-1.0595E+02,,
1310,8.727,-1.0933E+02,,
1311,8.733,-1.1272E+02,,
1312,8.740,-1.1610E+02,,
1313,8.747,-1.1948E+02,,
1314,8.753,-1.2287E+02,,
1315,8.760,-1.2625E+02,,
1316,8.767,-1.2964E+02,,
1317,8.773,-1.3302E+02,,
1318,8.780,-1.3640E+02,,
1319,8.787,-1.3979E+02,,
1320,8.793,-1.4317E+02,,
1321,8.800,-1.4655E+02,,
1322,8.807,-1.4994E+02,,
1323,8.813,-1.5332E+02,,
1324,8.820,-1.5671E+02,,
1325,8.827,-1.6009E+02,,
1326,8.833,-1.6347E+02,,
1327,8.840,-1.6686E+02,,
1328,8.847,-1.7024E+02,,
1329,8.853,-1.7362E+02,,
1330,8.860,-1.7701E+02,,
1331,8.867,1.7961E+02,,
1332,8.873,1.7622E+02,,
1333,8.880,1.7284E+02,,
1334,8.887,1.6946E+02,,
1335,8.893,1.6607E+02,,
1336,8.900,1.6269E+02,,
1337,8.907,1.5931E+02,,
1338,8.913,1.5592E+02,,
1339,8.920,1.5254E+02,,
1340,8.927,1.4915E+02,,
1341,8.933,1.4577E+02,,
1342,8.940,1.4239E+02,,
1343,8.947,1.3900E+02,,
1344,8.953,1.3562E+02,,
1345,8.960,1.3224E+02,,
1346,8.967,1.2885E+02,,
1347,8.973,1.2547E+02,,
1348,8.980,1.2208E+02,,
1349,8.987,1.1870E+02,,
1350,8.993,1.1532E+02,,
1351,9.000,1.1193E+02,,
1352,9.007,1.0855E+02,,
1353,9.013,1.0517E+02,,
1354,9.020,1.0178E+02,,
1355,9.027,9.8398E+01,,
1356,9.033,9.5014E+01,,
1357,9.040,9.1630E+01,,
1358,9.047,8.8247E+01,,
1359,9.053,8.4863E+01,,
1360,9.060,8.1479E+01,,
1361,9.067,7.8095E+01,,
1362,9.073,7.4712E+01,,
1363,9.080,7.1328E+01,,
1364,9.087,6.7944E+01,,
1365,9.093,6.4560E+01,,
1366,9.100,6.1177E+01,,
1367,9.107,5.7793E+01,,
1368,9.113,5.4409E+01,,
1369,9.120,5.1025E+01,,
1370,9.127,4.7642E+01,,
1371,9.133,4.4258E+01,,
1372,9.140,4.0874E+01,,
1373,9.147,3.7490E+01,,
1374,9.153,3.4107E+01,,
1375,9.160,3.0723E+01,,
1376,9.167,2.7339E+01,,
1377,9.173,2.3955E+01,,
1378,9.180,2.0572E+01,,
1379,9.187,1.7188E+01,,
1380,9.193,1.3804E+01,,
1381,9.200,1.0420E+01,,
1382,9.207,7.0366E+00,,
1383,9.213,3.6529E+00,,
1384,9.220,2.6914E-01,,
1385,9.227,-3.1146E+00,,
1386,9.233,-6.4984E+00,,
1387,9.240,-9.8821E+00,,
1388,9.247,-1.3266E+01,,
1389,9.253,-1.6650E+01,,
1390,9.260,-2.0033E+01,,
1391,9.267,-2.3417E+01,,
1392,9.273,-2.6801E+01,,
1393,9.280,-3.0185E+01,,
1394,9.287,-3.3568E+01,,
1395,9.293,-3.6952E+01,,
1396,9.300,-4.0336E+01,,
1397,9.307,-4.3720E+01,,
1398,9.313,-4.7103E+01,,
1399,9.320,-5.0487E+01,,
1400,9.327,-5.3871E+01,,
1401,9.333,-5.7255E+01,,
1402,9.340,-6.0638E+01,,
1403,9.347,-6.4022E+01,,
1404,9.353,-6.7406E+01,,
1405,9.360,-7.0790E+01,,
1406,9.367,-7.4173E+01,,
1407,9.373,-7.7557E+01,,
1408,9.380,-8.0941E+01,,
1409,9.387,-8.4325E+01,,
1410,9.393,-8.7708E+01,,
1411,9.400,-9.1092E+01,,
1412,9.407,-9.4476E+01,,
1413,9.413,-9.7860E+01,,
1414,9.420,-1.0124E+02,,
1415,9.427,-1.0463E+02,,
1416,9.433,-1.0801E+02,,
1417,9.440,-1.1139E+02,,
1418,9.447,-1.1478E+02,,
1419,9.453,-1.1816E+02,,
1420,9.460,-1.2155E+02,,
1421,9.467,-1.2493E+02,,
1422,9.473,-1.2831E+02,,
1423,9.480,-1.3170E+02,,
1424,9.487,-1.3508E+02,,
1425,9.493,-1.3846E+02,,
1426,9.500,-1.4185E+02,,
1427,9.507,-1.4523E+02,,
1428,9.513,-1.4862E+02,,
1429,9.520,-1.5200E+02,,
1430,9.527,-1.5538E+02,,
1431,9.533,-1.5877E+02,,
1432,9.540,-1.6215E+02,,
1433,9.547,-1.6553E+02,,
1434,9.553,-1.6892E+02,,
1435,9.560,-1.7230E+02,,
1436,9.567,-1.7569E+02,,
1437,9.573,-1.7907E+02,,
1438,9.580,1.7755E+02,,
1439,9.587,1.7416E+02,,
1440,9.593,1.7078E+02,,
1441,9.600,1.6740E+02,,
1442,9.607,1.6401E+02,,
1443,9.613,1.6063E+02,,
1444,9.620,1.5724E+02,,
1445,9.627,1.5386E+02,,
1446,9.633,1.5048E+02,,
1447,9.640,1.4709E+02,,
1448,9.647,1.4371E+02,,
1449,9.653,1.4033E+02,,
1450,9.660,1.3694E+02,,
1451,9.667,1.3356E+02,,
1452,9.673,1.3017E+02,,
1453,9.680,1.2679E+02,,
1454,9.687,1.2341E+02,,
1455,9.693,1.2002E+02,,
1456,9.700,1.1664E+02,,
1457,9.707,1.1326E+02,,
1458,9.713,1.0987E+02,,
1459,9.720,1.0649E+02,,
1460,9.727,1.0310E+02,,
1461,9.733,9.9720E+01,,
1462,9.740,9.6336E+01,,
1463,9.747,9.2953E+01,,
1464,9.753,8.9569E+01,,
1465,9.760,8.6185E+01,,
1466,9.767,8.2801E+01,,
1467,9.773,7.9418E+01,,
1468,9.780,7.6034E+01,,
1469,9.787,7.2650E+01,,
1470,9.793,6.9266E+01,,
1471,9.800,6.5883E+01,,
1472,9.807,6.2499E+01,,
1473,9.813,5.9115E+01,,
1474,9.820,5.5731E+01,,
1475,9.827,5.2348E+01,,
1476,9.833,4.8964E+01,,
1477,9.840,4.5580E+01,,
1478,9.847,4.2196E+01,,
1479,9.853,3.8813E+01,,
1480,9.860,3.5429E+01,,
1481,9.867,3.2045E+01,,
1482,9.873,2.8661E+01,,
1483,9.880,2.5278E+01,,
1484,9.887,2.1894E+01,,
1485,9.893,1.8510E+01,,
1486,9.900,1.5126E+01,,
1487,9.907,1.1743E+01,,
1488,9.913,8.3588E+00,,
1489,9.920,4.9750E+00,,
1490,9.927,1.5913E+00,,
1491,9.933,-1.7925E+00,,
1492,9.940,-5.1762E+00,,
1493,9.947,-8.5600E+00,,
1494,9.953,-1.1944E+01,,
1495,9.960,-1.5327E+01,,
1496,9.967,-1.8711E+01,,
1497,9.973,-2.2095E+01,,
1498,9.980,-2.5479E+01,,
1499,9.987,-2.8862E+01,,
1500,9.993,-3.2246E+01,,
1501,10.000,-3.5630E+01,,
1502,10.007,-3.9014E+01,,
1503,10.013,-4.2398E+01,,
1504,10.020,-4.5781E+01,,
1505,10.027,-4.9165E+01,,
1506,10.033,-5.2549E+01,,
1507,10.040,-5.5933E+01,,
1508,10.047,-5.9316E+01,,
1509,10.053,-6.2700E+01,,
1510,10.060,-6.6084E+01,,
1511,10.067,-6.9468E+01,,
1512,10.073,-7.2851E+01,,
1513,10.080,-7.6235E+01,,
1514,10.087,-7.9619E+01,,
1515,10.093,-8.3003E+01,,
1516,10.100,-8.6386E+01,,
1517,10.107,-8.9770E+01,,
1518,10.113,-9.3154E+01,,
1519,10.120,-9.6538E+01,,
1520,10.127,-9.9921E+01,,
1521,10.133,-1.0331E+02,,
1522,10.140,-1.0669E+02,,
1523,10.147,-1.1007E+02,,
1524,10.153,-1.1346E+02,,
1525,10.160,-1.1684E+02,,
1526,10.167,-1.2022E+02,,
1527,10.173,-1.2361E+02,,
1528,10.180,-1.2699E+02,,
1529,10.187,-1.3038E+02,,
1530,10.193,-1.3376E+02,,
1531,10.200,-1.3714E+02,,
1532,10.207,-1.4053E+02,,
1533,10.213,-1.4391E+02,,
1534,10.220,-1.4729E+02,,
1535,10.227,-1.5068E+02,,
1536,10.233,-1.5406E+02,,
1537,10.240,-1.5745E+02,,
1538,10.247,-1.6083E+02,,
1539,10.253,-1.6421E+02,,
1540,10.260,-1.6760E+02,,
1541,10.267,-1.7098E+02,,
1542,10.273,-1.7436E+02,,
1543,10.280,-1.7775E+02,,
1544,10.287,1.7887E+02,,
1545,10.293,1.7548E+02,,
1546,10.300,1.7210E+02,,
1547,10.307,1.6872E+02,,
1548,10.313,1.6533E+02,,
1549,10.320,1.6195E+02,,
1550,10.327,1.5857E+02,,
1551,10.333,1.5518E+02,,
1552,10.340,1.5180E+02,,
1553,10.347,1.4841E+02,,
1554,10.353,1.4503E+02,,
1555,10.360,1.4165E+02,,
1556,10.367,1.3826E+02,,
1557,10.373,1.3488E+02,,
1558,10.380,1.3150E+02,,
1559,10.387,1.2811E+02,,
1560,10.393,1.2473E+02,,
1561,10.400,1.2134E+02,,
1562,10.407,1.1796E+02,,
1563,10.413,1.1458E+02,,
1564,10.420,1.1119E+02,,
1565,10.427,1.0781E+02,,
1566,10.433,1.0443E+02,,
1567,10.440,1.0104E+02,,
1568,10.447,9.7659E+01,,
1569,10.453,9.4275E+01,,
1570,10.460,9.0891E+01,,
1571,10.467,8.7507E+01,,
1572,10.473,8.4124E+01,,
1573,10.480,8.0740E+01,,
1574,10.487,7.7356E+01,,
1575,10.493,7.3972E+01,,
1576,10.500,7.0589E+01,,
1577,10.507,6.7205E+01,,
1578,10.513,6.3821E+01,,
1579,10.520,6.0437E+01,,
1580,10.527,5.7053E+01,,
1581,10.533,5.3670E+01,,
1582,10.540,5.0286E+01,,
1583,10.547,4.6902E+01,,
1584,10.553,4.3518E+01,,
1585,10.560,4.0135E+01,,
1586,10.567,3.6751E+01,,
1587,10.573,3.3367E+01,,
1588,10.580,2.9983E+01,,
1589,10.587,2.6600E+01,,
1590,10.593,2.3216E+01,,
1591,10.600,1.9832E+01,,
1592,10.607,1.6448E+01,,
1593,10.613,1.3065E+01,,
1594,10.620,9.6809E+00,,
1595,10.627,6.2972E+00,,
1596,10.633,2.9134E+00,,
1597,10.640,-4.7032E-01,,
1598,10.647,-3.8541E+00,,
1599,10.653,-7.2378E+00,,
1600,10.660,-1.0622E+01,,
1601,10.667,-1.4005E+01,,
1602,10.673,-1.7389E+01,,
1603,10.680,-2.0773E+01,,
1604,10.687,-2.4157E+01,,
1605,10.693,-2.7540E+01,,
1606,10.700,-3.0924E+01,,
1607,10.707,-3.4308E+01,,
1608,10.713,-3.7692E+01,,
1609,10.720,-4.1075E+01,,
1610,10.727,-4.4459E+01,,
1611,10.733,-4.7843E+01,,
1612,10.740,-5.1227E+01,,
1613,10.747,-5.4610E+01,,
1614,10.753,-5.7994E+01,,
1615,10.760,-6.1378E+01,,
1616,10.767,-6.4762E+01,,
1617,10.773,-6.8145E+01,,
1618,10.780,-7.1529E+01,,
1619,10.787,-7.4913E+01,,
1620,10.793,-7.8297E+01,,
1621,10.800,-8.1680E+01,,
1622,10.807,-8.5064E+01,,
1623,10.813,-8.8448E+01,,
1624,10.820,-9.1832E+01,,
1625,10.827,-9.5215E+01,,
1626,10.833,-9.8599E+01,,
1627,10.840,-1.0198E+02,,
1628,10.847,-1.0537E+02,,
1629,10.853,-1.0875E+02,,
1630,10.860,-1.1213E+02,,
1631,10.867,-1.1552E+02,,
1632,10.873,-1.1890E+02,,
1633,10.880,-1.2229E+02,,
1634,10.887,-1.2567E+02,,
1635,10.893,-1.2905E+02,,
1636,10.900,-1.3244E+02,,
1637,10.907,-1.3582E+02,,
1638,10.913,-1.3920E+02,,
1639,10.920,-1.4259E+02,,
1640,10.927,-1.4597E+02,,
1641,10.933,-1.4936E+02,,
1642,10.940,-1.5274E+02,,
1643,10.947,-1.5612E+02,,
1644,10.953,-1.5951E+02,,
1645,10.960,-1.6289E+02,,
1646,10.967,-1.6627E+02,,
1647,10.973,-1.6966E+02,,
1648,10.980,-1.7304E+02,,
1649,10.987,-1.7643E+02,,
1650,10.993,-1.7981E+02,,
1651,11.000,1.7681E+02,,
1652,11.007,1.7342E+02,,
1653,11.013,1.7004E+02,,
1654,11.020,1.6666E+02,,
1655,11.027,1.6327E+02,,
1656,11.033,1.5989E+02,,
1657,11.040,1.5650E+02,,
1658,11.047,1.5312E+02,,
1659,11.053,1.4974E+02,,
1660,11.060,1.4635E+02,,
1661,11.067,1.4297E+02,,
1662,11.073,1.3959E+02,,
1663,11.080,1.3620E+02,,
1664,11.087,1.3282E+02,,
1665,11.093,1.2943E+02,,
1666,11.100,1.2605E+02,,
1667,11.107,1.2267E+02,,
1668,11.113,1.1928E+02,,
1669,11.120,1.1590E+02,,
1670,11.127,1.1252E+02,,
1671,11.133,1.0913E+02,,
1672,11.140,1.0575E+02,,
1673,11.147,1.0236E+02,,
1674,11.153,9.8981E+01,,
1675,11.160,9.5597E+01,,
1676,11.167,9.2213E+01,,
1677,11.173,8.8829E+01,,
1678,11.180,8.5446E+01,,
1679,11.187,8.2062E+01,,
1680,11.193,7.8678E+01,,
1681,11.200,7.5294E+01,,
1682,11.207,7.1911E+01,,
1683,11.213,6.8527E+01,,
1684,11.220,6.5143E+01,,
1685,11.227,6.1759E+01,,
1686,11.233,5.8376E+01,,
1687,11.240,5.4992E+01,,
1688,11.247,5.1608E+01,,
1689,11.253,4.8224E+01,,
1690,11.260,4.4841E+01,,
1691,11.267,4.1457E+01,,
1692,11.273,3.8073E+01,,
1693,11.280,3.4689E+01,,
1694,11.287,3.1306E+01,,
1695,11.293,2.7922E+01,,
1696,11.300,2.4538E+01,,
1697,11.307,2.1154E+01,,
1698,11.313,1.7771E+01,,
1699,11.320,1.4387E+01,,
1700,11.327,1.1003E+01,,
1701,11.333,7.6193E+00,,
1702,11.340,4.2356E+00,,
1703,11.347,8.5183E-01,,
1704,11.353,-2.5319E+00,,
1705,11.360,-5.9157E+00,,
1706,11.367,-9.2994E+00,,
1707,11.373,-1.2683E+01,,
1708,11.380,-1.6067E+01,,
1709,11.387,-1.9451E+01,,
1710,11.393,-2.2834E+01,,
1711,11.400,-2.6218E+01,,
1712,11.407,-2.9602E+01,,
1713,11.413,-3.2986E+01,,
1714,11.420,-3.6369E+01,,
1715,11.427,-3.9753E+01,,
1716,11.433,-4.3137E+01,,
1717,11.440,-4.6521E+01,,
1718,11.447,-4.9904E+01,,
1719,11.453,-5.3288E+01,,
1720,11.460,-5.6672E+01,,
1721,11.467,-6.0056E+01,,
1722,11.473,-6.3439E+01,,
1723,11.480,-6.6823E+01,,
1724,11.487,-7.0207E+01,,
1725,11.493,-7.3591E+01,,
1726,11.500,-7.6974E+01,,
1727,11.507,-8.0358E+01,,
1728,11.513,-8.3742E+01,,
1729,11.520,-8.7126E+01,,
1730,11.527,-9.0510E+01,,
1731,11.533,-9.3893E+01,,
1732,11.540,-9.7277E+01,,
1733,11.547,-1.0066E+02,,
1734,11.553,-1.0404E+02,,
1735,11.560,-1.0743E+02,,
1736,11.567,-1.1081E+02,,
1737,11.573,-1.1420E+02,,
1738,11.580,-1.1758E+02,,
1739,11.587,-1.2096E+02,,
1740,11.593,-1.2435E+02,,
1741,11.600,-1.2773E+02,,
1742,11.607,-1.3111E+02,,
1743,11.613,-1.3450E+02,,
1744,11.620,-1.3788E+02,,
1745,11.627,-1.4127E+02,,
1746,11.633,-1.4465E+02,,
1747,11.640,-1.4803E+02,,
1748,11.647,-1.5142E+02,,
1749,11.653,-1.5480E+02,,
1750,11.660,-1.5818E+02,,
1751,11.667,-1.6157E+02,,
1752,11.673,-1.6495E+02,,
1753,11.680,-1.6834E+02,,
1754,11.687,-1.7172E+02,,
1755,11.693,-1.7510E+02,,
1756,11.700,-1.7849E+02,,
1757,11.707,1.7813E+02,,
1758,11.713,1.7475E+02,,
1759,11.720,1.7136E+02,,
1760,11.727,1.6798E+02,,
1761,11.733,1.6459E+02,,
1762,11.740,1.6121E+02,,
1763,11.747,1.5783E+02,,
1764,11.753,1.5444E+02,,
1765,11.760,1.5106E+02,,
1766,11.767,1.4768E+02,,
1767,11.773,1.4429E+02,,
1768,11.780,1.4091E+02,,
1769,11.787,1.3752E+02,,
1770,11.793,1.3414E+02,,
1771,11.800,1.3076E+02,,
1772,11.807,1.2737E+02,,
1773,11.813,1.2399E+02,,
1774,11.820,1.2061E+02,,
1775,11.827,1.1722E+02,,
1776,11.833,1.1384E+02,,
1777,11.840,1.1045E+02,,
1778,11.847,1.0707E+02,,
1779,11.853,1.0369E+02,,
1780,11.860,1.0030E+02,,
1781,11.867,9.6919E+01,,
1782,11.873,9.3535E+01,,
1783,11.880,9.0152E+01,,
1784,11.887,8.6768E+01,,
1785,11.893,8.3384E+01,,
1786,11.900,8.0000E+01,,
1787,11.907,7.6617E+01,,
1788,11.913,7.3233E+01,,
1789,11.920,6.9849E+01,,
1790,11.927,6.6465E+01,,
1791,11.933,6.3082E+01,,
1792,11.940,5.9698E+01,,
1793,11.947,5.6314E+01,,
1794,11.953,5.2930E+01,,
1795,11.960,4.9547E+01,,
1796,11.967,4.6163E+01,,
1797,11.973,4.2779E+01,,
1798,11.980,3.9395E+01,,
1799,11.987,3.6012E+01,,
1800,11.993,3.2628E+01,,
1801,12.000,2.9244E+01,,
1802,12.007,2.5860E+01,,
1803,12.013,2.2476E+01,,
1804,12.020,1.9093E+01,,
1805,12.027,1.5709E+01,,
1806,12.033,1.2325E+01,,
1807,12.040,8.9415E+00,,
1808,12.047,5.5577E+00,,
1809,12.053,2.1740E+00,,
1810,12.060,-1.2098E+00,,
1811,12.067,-4.5935E+00,,
1812,12.073,-7.9773E+00,,
1813,12.080,-1.1361E+01,,
1814,12.087,-1.4745E+01,,
1815,12.093,-1.8129E+01,,
1816,12.100,-2.1512E+01,,
1817,12.107,-2.4896E+01,,
1818,12.113,-2.8280E+01,,
1819,12.120,-3.1664E+01,,
1820,12.127,-3.5047E+01,,
1821,12.133,-3.8431E+01,,
1822,12.140,-4.1815E+01,,
1823,12.147,-4.5199E+01,,
1824,12.153,-4.8582E+01,,
1825,12.160,-5.1966E+01,,
1826,12.167,-5.5350E+01,,
1827,12.173,-5.8734E+01,,
1828,12.180,-6.2117E+01,,
1829,12.187,-6.5501E+01,,
1830,12.193,-6.8885E+01,,
1831,12.200,-7.2269E+01,,
1832,12.207,-7.5652E+01,,
1833,12.213,-7.9036E+01,,
1834,12.220,-8.2420E+01,,
1835,12.227,-8.5804E+01,,
1836,12.233,-8.9187E+01,,
1837,12.240,-9.2571E+01,,
1838,12.247,-9.5955E+01,,
1839,12.253,-9.9339E+01,,
1840,12.260,-1.0272E+02,,
1841,12.267,-1.0611E+02,,
1842,12.273,-1.0949E+02,,
1843,12.280,-1.1287E+02,,
1844,12.287,-1.1626E+02,,
1845,12.293,-1.1964E+02,,
1846,12.300,-1.2302E+02,,
1847,12.307,-1.2641E+02,,
1848,12.313,-1.2979E+02,,
1849,12.320,-1.3318E+02,,
1850,12.327,-1.3656E+02,,
1851,12.333,-1.3994E+02,,
1852,12.340,-1.4333E+02,,
1853,12.347,-1.4671E+02,,
1854,12.353,-1.5009E+02,,
1855,12.360,-1.5348E+02,,
1856,12.367,-1.5686E+02,,
1857,12.373,-1.6025E+02,,
1858,12.380,-1.6363E+02,,
1859,12.387,-1.6701E+02,,
1860,12.393,-1.7040E+02,,
1861,12.400,-1.7378E+02,,
1862,12.407,-1.7716E+02,,
1863,12.413,1.7945E+02,,
1864,12.420,1.7607E+02,,
1865,12.427,1.7268E+02,,
1866,12.433,1.6930E+02,,
1867,12.440,1.6592E+02,,
1868,12.447,1.6253E+02,,
1869,12.453,1.5915E+02,,
1870,12.460,1.5577E+02,,
1871,12.467,1.5238E+02,,
1872,12.473,1.4900E+02,,
1873,12.480,1.4561E+02,,
1874,12.487,1.4223E+02,,
1875,12.493,1.3885E+02,,
1876,12.500,1.3546E+02,,
1877,12.507,1.3208E+02,,
1878,12.513,1.2869E+02,,
1879,12.520,1.2531E+02,,
1880,12.527,1.2193E+02,,
1881,12.533,1.1854E+02,,
1882,12.540,1.1516E+02,,
1883,12.547,1.1178E+02,,
1884,12.553,1.0839E+02,,
1885,12.560,1.0501E+02,,
1886,12.567,1.0162E+02,,
1887,12.573,9.8241E+01,,
1888,12.580,9.4857E+01,,
1889,12.587,9.1474E+01,,
1890,12.593,8.8090E+01,,
1891,12.600,8.4706E+01,,
1892,12.607,8.1322E+01,,
1893,12.613,7.7939E+01,,
1894,12.620,7.4555E+01,,
1895,12.627,7.1171E+01,,
1896,12.633,6.7787E+01,,
1897,12.640,6.4404E+01,,
1898,12.647,6.1020E+01,,
1899,12.653,5.7636E+01,,
1900,12.660,5.4252E+01,,
1901,12.667,5.0869E+01,,
1902,12.673,4.7485E+01,,
1903,12.680,4.4101E+01,,
1904,12.687,4.0717E+01,,
1905,12.693,3.7334E+01,,
1906,12.700,3.3950E+01,,
1907,12.707,3.0566E+01,,
1908,12.713,2.7182E+01,,
1909,12.720,2.3799E+01,,
1910,12.727,2.0415E+01,,
1911,12.733,1.7031E+01,,
1912,12.740,1.3647E+01,,
1913,12.747,1.0264E+01,,
1914,12.753,6.8799E+00,,
1915,12.760,3.4961E+00,,
1916,12.767,1.1237E-01,,
1917,12.773,-3.2714E+00,,
1918,12.780,-6.6551E+00,,
1919,12.787,-1.0039E+01,,
1920,12.793,-1.3423E+01,,
1921,12.800,-1.6806E+01,,
1922,12.807,-2.0190E+01,,
1923,12.813,-2.3574E+01,,
1924,12.820,-2.6958E+01,,
1925,12.827,-3.0341E+01,,
1926,12.833,-3.3725E+01,,
1927,12.840,-3.7109E+01,,
1928,12.847,-4.0493E+01,,
1929,12.853,-4.3876E+01,,
1930,12.860,-4.7260E+01,,
1931,12.867,-5.0644E+01,,
1932,12.873,-5.4028E+01,,
1933,12.880,-5.7411E+01,,
1934,12.887,-6.0795E+01,,
1935,12.893,-6.4179E+01,,
1936,12.900,-6.7563E+01,,
1937,12.907,-7.0946E+01,,
1938,12.913,-7.4330E+01,,
1939,12.920,-7.7714E+01,,
1940,12.927,-8.1098E+01,,
1941,12.933,-8.4481E+01,,
1942,12.940,-8.7865E+01,,
1943,12.947,-9.1249E+01,,
1944,12.953,-9.4633E+01,,
1945,12.960,-9.8016E+01,,
1946,12.967,-1.0140E+02,,
1947,12.973,-1.0478E+02,,
1948,12.980,-1.0817E+02,,
1949,12.987,-1.1155E+02,,
1950,12.993,-1.1494E+02,,
1951,13.000,-1.1832E+02,,
1952,13.007,-1.2170E+02,,
1953,13.013,-1.2509E+02,,
1954,13.020,-1.2847E+02,,
1955,13.027,-1.3185E+02,,
1956,13.033,-1.3524E+02,,
1957,13.040,-1.3862E+02,,
1958,13.047,-1.4201E+02,,
1959,13.053,-1.4539E+02,,
1960,13.060,-1.4877E+02,,
1961,13.067,-1.5216E+02,,
1962,13.073,-1.5554E+02,,
1963,13.080,-1.5892E+02,,
1964,13.087,-1.6231E+02,,
1965,13.093,-1.6569E+02,,
1966,13.100,-1.6908E+02,,
1967,13.107,-1.7246E+02,,
1968,13.113,-1.7584E+02,,
1969,13.120,-1.7923E+02,,
1970,13.127,1.7739E+02,,
1971,13.133,1.7401E+02,,
1972,13.140,1.7062E+02,,
1973,13.147,1.6724E+02,,
1974,13.153,1.6385E+02,,
1975,13.160,1.6047E+02,,
1976,13.167,1.5709E+02,,
1977,13.173,1.5370E+02,,
1978,13.180,1.5032E+02,,
1979,13.187,1.4694E+02,,
1980,13.193,1.4355E+02,,
1981,13.200,1.4017E+02,,
1982,13.207,1.3678E+02,,
1983,13.213,1.3340E+02,,
1984,13.220,1.3002E+02,,
1985,13.227,1.2663E+02,,
1986,13.233,1.2325E+02,,
1987,13.240,1.1987E+02,,
1988,13.247,1.1648E+02,,
1989,13.253,1.1310E+02,,
1990,13.260,1.0971E+02,,
1991,13.267,1.0633E+02,,
1992,13.273,1.0295E+02,,
1993,13.280,9.9563E+01,,
1994,13.287,9.6180E+01,,
1995,13.293,9.2796E+01,,
1996,13.300,8.9412E+01,,
1997,13.307,8.6028E+01,,
1998,13.313,8.2645E+01,,
1999,13.320,7.9261E+01,,
2000,13.327,7.5877E+01,,
2001,13.333,7.2493E+01,,
2002,13.340,6.9110E+01,,
2003,13.347,6.5726E+01,,
2004,13.353,6.2342E+01,,
2005,13.360,5.8958E+01,,
2006,13.367,5.5575E+01,,
2007,13.373,5.2191E+01,,
2008,13.380,4.8807E+01,,
2009,13.387,4.5423E+01,,
2010,13.393,4.2040E+01,,
2011,13.400,3.8656E+01,,
2012,13.407,3.5272E+01,,
2013,13.413,3.1888E+01,,
2014,13.420,2.8505E+01,,
2015,13.427,2.5121E+01,,
2016,13.433,2.1737E+01,,
2017,13.440,1.8353E+01,,
2018,13.447,1.4970E+01,,
2019,13.453,1.1586E+01,,
2020,13.460,8.2020E+00,,
2021,13.467,4.8183E+00,,
2022,13.473,1.4345E+00,,
2023,13.480,-1.9492E+00,,
2024,13.487,-5.3330E+00,,
2025,13.493,-8.7167E+00,,
2026,13.500,-1.2100E+01,,
2027,13.507,-1.5484E+01,,
2028,13.513,-1.8868E+01,,
2029,13.520,-2.2252E+01,,
2030,13.527,-2.5636E+01,,
2031,13.533,-2.9019E+01,,
2032,13.540,-3.2403E+01,,
2033,13.547,-3.5787E+01,,
2034,13.553,-3.9171E+01,,
2035,13.560,-4.2554E+01,,
2036,13.567,-4.5938E+01,,
2037,13.573,-4.9322E+01,,
2038,13.580,-5.2706E+01,,
2039,13.587,-5.6089E+01,,
2040,13.593,-5.9473E+01,,
2041,13.600,-6.2857E+01,,
2042,13.607,-6.6241E+01,,
2043,13.613,-6.9624E+01,,
2044,13.620,-7.3008E+01,,
2045,13.627,-7.6392E+01,,
2046,13.633,-7.9776E+01,,
2047,13.640,-8.3159E+01,,
2048,13.647,-8.6543E+01,,
2049,13.653,-8.9927E+01,,
2050,13.660,-9.3311E+01,,
2051,13.667,-9.6694E+01,,
2052,13.673,-1.0008E+02,,
2053,13.680,-1.0346E+02,,
2054,13.687,-1.0685E+02,,
2055,13.693,-1.1023E+02,,
2056,13.700,-1.1361E+02,,
2057,13.707,-1.1700E+02,,
2058,13.713,-1.2038E+02,,
2059,13.720,-1.2376E+02,,
2060,13.727,-1.2715E+02,,
2061,13.733,-1.3053E+02,,
2062,13.740,-1.3392E+02,,
2063,13.747,-1.3730E+02,,
2064,13.753,-1.4068E+02,,
2065,13.760,-1.4407E+02,,
2066,13.767,-1.4745E+02,,
2067,13.773,-1.5083E+02,,
2068,13.780,-1.5422E+02,,
2069,13.787,-1.5760E+02,,
2070,13.793,-1.6099E+02,,
2071,13.800,-1.6437E+02,,
2072,13.807,-1.6775E+02,,
2073,13.813,-1.7114E+02,,
2074,13.820,-1.7452E+02,,
2075,13.827,-1.7790E+02,,
2076,13.833,1.7871E+02,,
2077,13.840,1.7533E+02,,
2078,13.847,1.7194E+02,,
2079,13.853,1.6856E+02,,
2080,13.860,1.6518E+02,,
2081,13.867,1.6179E+02,,
2082,13.873,1.5841E+02,,
2083,13.880,1.5503E+02,,
2084,13.887,1.5164E+02,,
2085,13.893,1.4826E+02,,
2086,13.900,1.4487E+02,,
2087,13.907,1.4149E+02,,
2088,13.913,1.3811E+02,,
2089,13.920,1.3472E+02,,
2090,13.927,1.3134E+02,,
2091,13.933,1.2796E+02,,
2092,13.940,1.2457E+02,,
2093,13.947,1.2119E+02,,
2094,13.953,1.1780E+02,,
2095,13.960,1.1442E+02,,
2096,13.967,1.1104E+02,,
2097,13.973,1.0765E+02,,
2098,13.980,1.0427E+02,,
2099,13.987,1.0089E+02,,
2100,13.993,9.7502E+01,,
2101,14.000,9.4118E+01,,